Date,Ticker,Close
1871/01/31,GFTRUSASTD,0.0182856
1871/02/28,GFTRUSASTD,0.0186269
1871/03/31,GFTRUSASTD,0.0191754
1871/04/30,GFTRUSASTD,0.0198299
1871/05/31,GFTRUSASTD,0.0203837
1871/06/30,GFTRUSASTD,0.0203121
1871/07/31,GFTRUSASTD,0.0200318
1871/08/31,GFTRUSASTD,0.0203289
1871/09/30,GFTRUSASTD,0.0206273
1871/10/31,GFTRUSASTD,0.0196544
1871/11/30,GFTRUSASTD,0.0199558
1871/12/31,GFTRUSASTD,0.0205264
1872/01/31,GFTRUSASTD,0.0211055
1872/02/29,GFTRUSASTD,0.0213093
1872/03/31,GFTRUSASTD,0.0220563
1872/04/30,GFTRUSASTD,0.0228071
1872/05/31,GFTRUSASTD,0.0229046
1872/06/30,GFTRUSASTD,0.0227827
1872/07/31,GFTRUSASTD,0.0227156
1872/08/31,GFTRUSASTD,0.0225496
1872/09/30,GFTRUSASTD,0.0223307
1872/10/31,GFTRUSASTD,0.0225031
1872/11/30,GFTRUSASTD,0.0225613
1872/12/31,GFTRUSASTD,0.0231861
1873/01/31,GFTRUSASTD,0.0234693
1873/02/28,GFTRUSASTD,0.0238128
1873/03/31,GFTRUSASTD,0.0237071
1873/04/30,GFTRUSASTD,0.0234913
1873/05/31,GFTRUSASTD,0.0236804
1873/06/30,GFTRUSASTD,0.0235225
1873/07/31,GFTRUSASTD,0.0236005
1873/08/31,GFTRUSASTD,0.023738
1873/09/30,GFTRUSASTD,0.0220368
1873/10/31,GFTRUSASTD,0.0202682
1873/11/30,GFTRUSASTD,0.0196679
1873/12/31,GFTRUSASTD,0.0216641
1874/01/31,GFTRUSASTD,0.0229184
1874/02/28,GFTRUSASTD,0.0236891
1874/03/31,GFTRUSASTD,0.0234835
1874/04/30,GFTRUSASTD,0.0229076
1874/05/31,GFTRUSASTD,0.0224717
1874/06/30,GFTRUSASTD,0.0224712
1874/07/31,GFTRUSASTD,0.022596
1874/08/31,GFTRUSASTD,0.0227834
1874/09/30,GFTRUSASTD,0.0232905
1874/10/31,GFTRUSASTD,0.0233547
1874/11/30,GFTRUSASTD,0.0236114
1874/12/31,GFTRUSASTD,0.0236778
1875/01/31,GFTRUSASTD,0.0238183
1875/02/28,GFTRUSASTD,0.0238952
1875/03/31,GFTRUSASTD,0.0242994
1875/04/30,GFTRUSASTD,0.024762
1875/05/31,GFTRUSASTD,0.023965
1875/06/30,GFTRUSASTD,0.0235655
1875/07/31,GFTRUSASTD,0.0237553
1875/08/31,GFTRUSASTD,0.0240125
1875/09/30,GFTRUSASTD,0.0238654
1875/10/31,GFTRUSASTD,0.0236504
1875/11/30,GFTRUSASTD,0.0241169
1875/12/31,GFTRUSASTD,0.0242489
1876/01/31,GFTRUSASTD,0.0249444
1876/02/29,GFTRUSASTD,0.0254359
1876/03/31,GFTRUSASTD,0.0255022
1876/04/30,GFTRUSASTD,0.0246474
1876/05/31,GFTRUSASTD,0.0238561
1876/06/30,GFTRUSASTD,0.0238457
1876/07/31,GFTRUSASTD,0.0236851
1876/08/31,GFTRUSASTD,0.0228069
1876/09/30,GFTRUSASTD,0.021563
1876/10/31,GFTRUSASTD,0.0215388
1876/11/30,GFTRUSASTD,0.0212952
1876/12/31,GFTRUSASTD,0.0212735
1877/01/31,GFTRUSASTD,0.0212351
1877/02/28,GFTRUSASTD,0.020083
1877/03/31,GFTRUSASTD,0.0191457
1877/04/30,GFTRUSASTD,0.0179012
1877/05/31,GFTRUSASTD,0.0180018
1877/06/30,GFTRUSASTD,0.0168088
1877/07/31,GFTRUSASTD,0.0175896
1877/08/31,GFTRUSASTD,0.0189001
1877/09/30,GFTRUSASTD,0.0201376
1877/10/31,GFTRUSASTD,0.0206815
1877/11/30,GFTRUSASTD,0.02045
1877/12/31,GFTRUSASTD,0.0204524
1878/01/31,GFTRUSASTD,0.0205365
1878/02/28,GFTRUSASTD,0.0202291
1878/03/31,GFTRUSASTD,0.0206316
1878/04/30,GFTRUSASTD,0.0213538
1878/05/31,GFTRUSASTD,0.0215211
1878/06/30,GFTRUSASTD,0.0220807
1878/07/31,GFTRUSASTD,0.0225611
1878/08/31,GFTRUSASTD,0.0223997
1878/09/30,GFTRUSASTD,0.0229722
1878/10/31,GFTRUSASTD,0.0228166
1878/11/30,GFTRUSASTD,0.0228278
1878/12/31,GFTRUSASTD,0.0227565
1879/01/31,GFTRUSASTD,0.023758
1879/02/28,GFTRUSASTD,0.0246773
1879/03/31,GFTRUSASTD,0.0244418
1879/04/30,GFTRUSASTD,0.0252855
1879/05/31,GFTRUSASTD,0.0265558
1879/06/30,GFTRUSASTD,0.026909
1879/07/31,GFTRUSASTD,0.0274324
1879/08/31,GFTRUSASTD,0.0277903
1879/09/30,GFTRUSASTD,0.0289128
1879/10/31,GFTRUSASTD,0.0321678
1879/11/30,GFTRUSASTD,0.0339863
1879/12/31,GFTRUSASTD,0.0340212
1880/01/31,GFTRUSASTD,0.0354334
1880/02/29,GFTRUSASTD,0.0362488
1880/03/31,GFTRUSASTD,0.036977
1880/04/30,GFTRUSASTD,0.0363231
1880/05/31,GFTRUSASTD,0.0335815
1880/06/30,GFTRUSASTD,0.0338124
1880/07/31,GFTRUSASTD,0.0355397
1880/08/31,GFTRUSASTD,0.0370108
1880/09/30,GFTRUSASTD,0.0370702
1880/10/31,GFTRUSASTD,0.0382872
1880/11/30,GFTRUSASTD,0.0404947
1880/12/31,GFTRUSASTD,0.0422627
1881/01/31,GFTRUSASTD,0.0449349
1881/02/28,GFTRUSASTD,0.0449123
1881/03/31,GFTRUSASTD,0.0456094
1881/04/30,GFTRUSASTD,0.0456739
1881/05/31,GFTRUSASTD,0.0478365
1881/06/30,GFTRUSASTD,0.0485482
1881/07/31,GFTRUSASTD,0.0470628
1881/08/31,GFTRUSASTD,0.0461224
1881/09/30,GFTRUSASTD,0.0466627
1881/10/31,GFTRUSASTD,0.0460914
1881/11/30,GFTRUSASTD,0.0465431
1881/12/31,GFTRUSASTD,0.0454259
1882/01/31,GFTRUSASTD,0.0448577
1882/02/28,GFTRUSASTD,0.0440996
1882/03/31,GFTRUSASTD,0.0441905
1882/04/30,GFTRUSASTD,0.0443687
1882/05/31,GFTRUSASTD,0.0439809
1882/06/30,GFTRUSASTD,0.0439784
1882/07/31,GFTRUSASTD,0.0466789
1882/08/31,GFTRUSASTD,0.0482278
1882/09/30,GFTRUSASTD,0.0489134
1882/10/31,GFTRUSASTD,0.0478511
1882/11/30,GFTRUSASTD,0.0460016
1882/12/31,GFTRUSASTD,0.0464071
1883/01/31,GFTRUSASTD,0.0464189
1883/02/28,GFTRUSASTD,0.0455407
1883/03/31,GFTRUSASTD,0.0463519
1883/04/30,GFTRUSASTD,0.0475686
1883/05/31,GFTRUSASTD,0.0468794
1883/06/30,GFTRUSASTD,0.0476043
1883/07/31,GFTRUSASTD,0.0470171
1883/08/31,GFTRUSASTD,0.0450998
1883/09/30,GFTRUSASTD,0.0458386
1883/10/31,GFTRUSASTD,0.0448323
1883/11/30,GFTRUSASTD,0.0456868
1883/12/31,GFTRUSASTD,0.044974
1884/01/31,GFTRUSASTD,0.0438353
1884/02/29,GFTRUSASTD,0.045213
1884/03/31,GFTRUSASTD,0.0452261
1884/04/30,GFTRUSASTD,0.0436484
1884/05/31,GFTRUSASTD,0.0401373
1884/06/30,GFTRUSASTD,0.0387613
1884/07/31,GFTRUSASTD,0.0389852
1884/08/31,GFTRUSASTD,0.0417087
1884/09/30,GFTRUSASTD,0.0405043
1884/10/31,GFTRUSASTD,0.0393916
1884/11/30,GFTRUSASTD,0.0388255
1884/12/31,GFTRUSASTD,0.0389211
1885/01/31,GFTRUSASTD,0.0382235
1885/02/28,GFTRUSASTD,0.0395902
1885/03/31,GFTRUSASTD,0.0398759
1885/04/30,GFTRUSASTD,0.0399672
1885/05/31,GFTRUSASTD,0.0396926
1885/06/30,GFTRUSASTD,0.0396932
1885/07/31,GFTRUSASTD,0.0413493
1885/08/31,GFTRUSASTD,0.0438435
1885/09/30,GFTRUSASTD,0.0434618
1885/10/31,GFTRUSASTD,0.046162
1885/11/30,GFTRUSASTD,0.0493361
1885/12/31,GFTRUSASTD,0.0491316
1886/01/31,GFTRUSASTD,0.0493048
1886/02/28,GFTRUSASTD,0.050426
1886/03/31,GFTRUSASTD,0.0495502
1886/04/30,GFTRUSASTD,0.0490501
1886/05/31,GFTRUSASTD,0.048264
1886/06/30,GFTRUSASTD,0.0506351
1886/07/31,GFTRUSASTD,0.0515669
1886/08/31,GFTRUSASTD,0.0521146
1886/09/30,GFTRUSASTD,0.0536359
1886/10/31,GFTRUSASTD,0.0551614
1886/11/30,GFTRUSASTD,0.0566917
1886/12/31,GFTRUSASTD,0.0553932
1887/01/31,GFTRUSASTD,0.0549748
1887/02/28,GFTRUSASTD,0.0547526
1887/03/31,GFTRUSASTD,0.0562107
1887/04/30,GFTRUSASTD,0.0576734
1887/05/31,GFTRUSASTD,0.0588433
1887/06/30,GFTRUSASTD,0.0573278
1887/07/31,GFTRUSASTD,0.0561201
1887/08/31,GFTRUSASTD,0.0549079
1887/09/30,GFTRUSASTD,0.0543982
1887/10/31,GFTRUSASTD,0.0527806
1887/11/30,GFTRUSASTD,0.0540032
1887/12/31,GFTRUSASTD,0.0539065
1888/01/31,GFTRUSASTD,0.0545221
1888/02/29,GFTRUSASTD,0.0544214
1888/03/31,GFTRUSASTD,0.0525707
1888/04/30,GFTRUSASTD,0.0529897
1888/05/31,GFTRUSASTD,0.0539238
1888/06/30,GFTRUSASTD,0.0524488
1888/07/31,GFTRUSASTD,0.0540039
1888/08/31,GFTRUSASTD,0.055355
1888/09/30,GFTRUSASTD,0.0569176
1888/10/31,GFTRUSASTD,0.0567865
1888/11/30,GFTRUSASTD,0.0557964
1888/12/31,GFTRUSASTD,0.05491
1889/01/31,GFTRUSASTD,0.0561546
1889/02/28,GFTRUSASTD,0.0569784
1889/03/31,GFTRUSASTD,0.0559771
1889/04/30,GFTRUSASTD,0.0560518
1889/05/31,GFTRUSASTD,0.057749
1889/06/30,GFTRUSASTD,0.0589139
1889/07/31,GFTRUSASTD,0.0579122
1889/08/31,GFTRUSASTD,0.0588747
1889/09/30,GFTRUSASTD,0.0604964
1889/10/31,GFTRUSASTD,0.059593
1889/11/30,GFTRUSASTD,0.0592375
1889/12/31,GFTRUSASTD,0.0591034
1890/01/31,GFTRUSASTD,0.0599518
1890/02/28,GFTRUSASTD,0.0594645
1890/03/31,GFTRUSASTD,0.0592028
1890/04/30,GFTRUSASTD,0.0606236
1890/05/31,GFTRUSASTD,0.063397
1890/06/30,GFTRUSASTD,0.0631346
1890/07/31,GFTRUSASTD,0.0628815
1890/08/31,GFTRUSASTD,0.061604
1890/09/30,GFTRUSASTD,0.0607791
1890/10/31,GFTRUSASTD,0.0582229
1890/11/30,GFTRUSASTD,0.0541707
1890/12/31,GFTRUSASTD,0.0530983
1891/01/31,GFTRUSASTD,0.0560641
1891/02/28,GFTRUSASTD,0.056955
1891/03/31,GFTRUSASTD,0.0561083
1891/04/30,GFTRUSASTD,0.0581756
1891/05/31,GFTRUSASTD,0.0581463
1891/06/30,GFTRUSASTD,0.057181
1891/07/31,GFTRUSASTD,0.056451
1891/08/31,GFTRUSASTD,0.0585555
1891/09/30,GFTRUSASTD,0.0635149
1891/10/31,GFTRUSASTD,0.0637234
1891/11/30,GFTRUSASTD,0.0629783
1891/12/31,GFTRUSASTD,0.0651145
1892/01/31,GFTRUSASTD,0.0665347
1892/02/29,GFTRUSASTD,0.0668743
1892/03/31,GFTRUSASTD,0.0678238
1892/04/30,GFTRUSASTD,0.0679262
1892/05/31,GFTRUSASTD,0.0681515
1892/06/30,GFTRUSASTD,0.0680109
1892/07/31,GFTRUSASTD,0.0682359
1892/08/31,GFTRUSASTD,0.0694463
1892/09/30,GFTRUSASTD,0.067942
1892/10/31,GFTRUSASTD,0.0695339
1892/11/30,GFTRUSASTD,0.069519
1892/12/31,GFTRUSASTD,0.0690045
1893/01/31,GFTRUSASTD,0.0704993
1893/02/28,GFTRUSASTD,0.0694884
1893/03/31,GFTRUSASTD,0.0672195
1893/04/30,GFTRUSASTD,0.0674704
1893/05/31,GFTRUSASTD,0.061745
1893/06/30,GFTRUSASTD,0.0590583
1893/07/31,GFTRUSASTD,0.0537973
1893/08/31,GFTRUSASTD,0.0527549
1893/09/30,GFTRUSASTD,0.0567532
1893/10/31,GFTRUSASTD,0.0586748
1893/11/30,GFTRUSASTD,0.0598224
1893/12/31,GFTRUSASTD,0.0579632
1894/01/31,GFTRUSASTD,0.0570107
1894/02/28,GFTRUSASTD,0.0580227
1894/03/31,GFTRUSASTD,0.0599654
1894/04/30,GFTRUSASTD,0.0609844
1894/05/31,GFTRUSASTD,0.0589375
1894/06/30,GFTRUSASTD,0.0583552
1894/07/31,GFTRUSASTD,0.0573656
1894/08/31,GFTRUSASTD,0.0597519
1894/09/30,GFTRUSASTD,0.0609264
1894/10/31,GFTRUSASTD,0.0592473
1894/11/30,GFTRUSASTD,0.0594704
1894/12/31,GFTRUSASTD,0.0591472
1895/01/31,GFTRUSASTD,0.0586816
1895/02/28,GFTRUSASTD,0.0580778
1895/03/31,GFTRUSASTD,0.0583014
1895/04/30,GFTRUSASTD,0.0610209
1895/05/31,GFTRUSASTD,0.0645845
1895/06/30,GFTRUSASTD,0.066055
1895/07/31,GFTRUSASTD,0.0665429
1895/08/31,GFTRUSASTD,0.0677374
1895/09/30,GFTRUSASTD,0.0683712
1895/10/31,GFTRUSASTD,0.0675888
1895/11/30,GFTRUSASTD,0.0655239
1895/12/31,GFTRUSASTD,0.0618782
1896/01/31,GFTRUSASTD,0.0613582
1896/02/29,GFTRUSASTD,0.0641392
1896/03/31,GFTRUSASTD,0.0633407
1896/04/30,GFTRUSASTD,0.0641333
1896/05/31,GFTRUSASTD,0.0640506
1896/06/30,GFTRUSASTD,0.0630988
1896/07/31,GFTRUSASTD,0.0592235
1896/08/31,GFTRUSASTD,0.0560669
1896/09/30,GFTRUSASTD,0.0592235
1896/10/31,GFTRUSASTD,0.0607611
1896/11/30,GFTRUSASTD,0.0651205
1896/12/31,GFTRUSASTD,0.0629513
1897/01/31,GFTRUSASTD,0.0631611
1897/02/28,GFTRUSASTD,0.0627773
1897/03/31,GFTRUSASTD,0.0631419
1897/04/30,GFTRUSASTD,0.0613939
1897/05/31,GFTRUSASTD,0.0619087
1897/06/30,GFTRUSASTD,0.0650055
1897/07/31,GFTRUSASTD,0.0681131
1897/08/31,GFTRUSASTD,0.0727535
1897/09/30,GFTRUSASTD,0.076488
1897/10/31,GFTRUSASTD,0.0742434
1897/11/30,GFTRUSASTD,0.0718427
1897/12/31,GFTRUSASTD,0.0736048
1898/01/31,GFTRUSASTD,0.075836
1898/02/28,GFTRUSASTD,0.0759026
1898/03/31,GFTRUSASTD,0.0726996
1898/04/30,GFTRUSASTD,0.0716751
1898/05/31,GFTRUSASTD,0.0766082
1898/06/30,GFTRUSASTD,0.0798258
1898/07/31,GFTRUSASTD,0.0803791
1898/08/31,GFTRUSASTD,0.0836217
1898/09/30,GFTRUSASTD,0.0837085
1898/10/31,GFTRUSASTD,0.0822059
1898/11/30,GFTRUSASTD,0.0851763
1898/12/31,GFTRUSASTD,0.0907222
1899/01/31,GFTRUSASTD,0.0978846
1899/02/28,GFTRUSASTD,0.1018397
1899/03/31,GFTRUSASTD,0.1035428
1899/04/30,GFTRUSASTD,0.1050869
1899/05/31,GFTRUSASTD,0.1009617
1899/06/30,GFTRUSASTD,0.0989373
1899/07/31,GFTRUSASTD,0.1026305
1899/08/31,GFTRUSASTD,0.1055155
1899/09/30,GFTRUSASTD,0.1046364
1899/10/31,GFTRUSASTD,0.1044231
1899/11/30,GFTRUSASTD,0.1066842
1899/12/31,GFTRUSASTD,0.0997052
1900/01/31,GFTRUSASTD,0.1013417
1900/02/28,GFTRUSASTD,0.1034839
1900/03/31,GFTRUSASTD,0.1046309
1900/04/30,GFTRUSASTD,0.1062939
1900/05/31,GFTRUSASTD,0.1015908
1900/06/30,GFTRUSASTD,0.098891
1900/07/31,GFTRUSASTD,0.0992157
1900/08/31,GFTRUSASTD,0.1009062
1900/09/30,GFTRUSASTD,0.0988761
1900/10/31,GFTRUSASTD,0.1028224
1900/11/30,GFTRUSASTD,0.1112348
1900/12/31,GFTRUSASTD,0.1183049
1901/01/31,GFTRUSASTD,0.1221183
1901/02/28,GFTRUSASTD,0.1255989
1901/03/31,GFTRUSASTD,0.1304587
1901/04/30,GFTRUSASTD,0.1417526
1901/05/31,GFTRUSASTD,0.1349717
1901/06/30,GFTRUSASTD,0.1487999
1901/07/31,GFTRUSASTD,0.1392172
1901/08/31,GFTRUSASTD,0.1415424
1901/09/30,GFTRUSASTD,0.1412525
1901/10/31,GFTRUSASTD,0.1400824
1901/11/30,GFTRUSASTD,0.1435044
1901/12/31,GFTRUSASTD,0.1416333
1902/01/31,GFTRUSASTD,0.1450995
1902/02/28,GFTRUSASTD,0.1467821
1902/03/31,GFTRUSASTD,0.1474095
1902/04/30,GFTRUSASTD,0.1528928
1902/05/31,GFTRUSASTD,0.1529643
1902/06/30,GFTRUSASTD,0.1525101
1902/07/31,GFTRUSASTD,0.1564144
1902/08/31,GFTRUSASTD,0.161062
1902/09/30,GFTRUSASTD,0.1618976
1902/10/31,GFTRUSASTD,0.1572458
1902/11/30,GFTRUSASTD,0.1516545
1902/12/31,GFTRUSASTD,0.1486317
1903/01/31,GFTRUSASTD,0.1566834
1903/02/28,GFTRUSASTD,0.1562428
1903/03/31,GFTRUSASTD,0.1505986
1903/04/30,GFTRUSASTD,0.144933
1903/05/31,GFTRUSASTD,0.142617
1903/06/30,GFTRUSASTD,0.1352397
1903/07/31,GFTRUSASTD,0.1314235
1903/08/31,GFTRUSASTD,0.1258853
1903/09/30,GFTRUSASTD,0.1233613
1903/10/31,GFTRUSASTD,0.1198725
1903/11/30,GFTRUSASTD,0.1207756
1903/12/31,GFTRUSASTD,0.126834
1904/01/31,GFTRUSASTD,0.1294239
1904/02/29,GFTRUSASTD,0.1264056
1904/03/31,GFTRUSASTD,0.1264881
1904/04/30,GFTRUSASTD,0.1300855
1904/05/31,GFTRUSASTD,0.1278202
1904/06/30,GFTRUSASTD,0.1284937
1904/07/31,GFTRUSASTD,0.1343059
1904/08/31,GFTRUSASTD,0.1393468
1904/09/30,GFTRUSASTD,0.1459953
1904/10/31,GFTRUSASTD,0.1550585
1904/11/30,GFTRUSASTD,0.1639493
1904/12/31,GFTRUSASTD,0.1660472
1905/01/31,GFTRUSASTD,0.170172
1905/02/28,GFTRUSASTD,0.1781561
1905/03/31,GFTRUSASTD,0.1837319
1905/04/30,GFTRUSASTD,0.182016
1905/05/31,GFTRUSASTD,0.1735754
1905/06/30,GFTRUSASTD,0.1761297
1905/07/31,GFTRUSASTD,0.1821741
1905/08/31,GFTRUSASTD,0.1894792
1905/09/30,GFTRUSASTD,0.1906293
1905/10/31,GFTRUSASTD,0.1938571
1905/11/30,GFTRUSASTD,0.1933663
1905/12/31,GFTRUSASTD,0.1986899
1906/01/31,GFTRUSASTD,0.2061144
1906/02/28,GFTRUSASTD,0.2052171
1906/03/31,GFTRUSASTD,0.2007769
1906/04/30,GFTRUSASTD,0.1986309
1906/05/31,GFTRUSASTD,0.1939515
1906/06/30,GFTRUSASTD,0.1970714
1906/07/31,GFTRUSASTD,0.1925744
1906/08/31,GFTRUSASTD,0.2073947
1906/09/30,GFTRUSASTD,0.2144092
1906/10/31,GFTRUSASTD,0.2137571
1906/11/30,GFTRUSASTD,0.2135435
1906/12/31,GFTRUSASTD,0.2122817
1907/01/31,GFTRUSASTD,0.2069234
1907/02/28,GFTRUSASTD,0.2011232
1907/03/31,GFTRUSASTD,0.1820944
1907/04/30,GFTRUSASTD,0.1837092
1907/05/31,GFTRUSASTD,0.1780983
1907/06/30,GFTRUSASTD,0.1731315
1907/07/31,GFTRUSASTD,0.1805173
1907/08/31,GFTRUSASTD,0.1677467
1907/09/30,GFTRUSASTD,0.1667404
1907/10/31,GFTRUSASTD,0.1493942
1907/11/30,GFTRUSASTD,0.141386
1907/12/31,GFTRUSASTD,0.1493841
1908/01/31,GFTRUSASTD,0.1565138
1908/02/29,GFTRUSASTD,0.1515581
1908/03/31,GFTRUSASTD,0.158497
1908/04/30,GFTRUSASTD,0.1677766
1908/05/31,GFTRUSASTD,0.177551
1908/06/30,GFTRUSASTD,0.1785185
1908/07/31,GFTRUSASTD,0.1858029
1908/08/31,GFTRUSASTD,0.1945253
1908/09/30,GFTRUSASTD,0.193153
1908/10/31,GFTRUSASTD,0.1962862
1908/11/30,GFTRUSASTD,0.2103496
1908/12/31,GFTRUSASTD,0.2158794
1909/01/31,GFTRUSASTD,0.2173836
1909/02/28,GFTRUSASTD,0.2119388
1909/03/31,GFTRUSASTD,0.2156291
1909/04/30,GFTRUSASTD,0.2261078
1909/05/31,GFTRUSASTD,0.2344423
1909/06/30,GFTRUSASTD,0.2394061
1909/07/31,GFTRUSASTD,0.2436599
1909/08/31,GFTRUSASTD,0.250381
1909/09/30,GFTRUSASTD,0.2514833
1909/10/31,GFTRUSASTD,0.253331
1909/11/30,GFTRUSASTD,0.2529562
1909/12/31,GFTRUSASTD,0.2568274
1910/01/31,GFTRUSASTD,0.2522215
1910/02/28,GFTRUSASTD,0.2441013
1910/03/31,GFTRUSASTD,0.251031
1910/04/30,GFTRUSASTD,0.2458844
1910/05/31,GFTRUSASTD,0.2427438
1910/06/30,GFTRUSASTD,0.2319957
1910/07/31,GFTRUSASTD,0.2212082
1910/08/31,GFTRUSASTD,0.2275308
1910/09/30,GFTRUSASTD,0.2300412
1910/10/31,GFTRUSASTD,0.2416013
1910/11/30,GFTRUSASTD,0.2423215
1910/12/31,GFTRUSASTD,0.2365415
1911/01/31,GFTRUSASTD,0.2433134
1911/02/28,GFTRUSASTD,0.2485381
1911/03/31,GFTRUSASTD,0.2466379
1911/04/30,GFTRUSASTD,0.2465801
1911/05/31,GFTRUSASTD,0.252904
1911/06/30,GFTRUSASTD,0.2589831
1911/07/31,GFTRUSASTD,0.258922
1911/08/31,GFTRUSASTD,0.2475689
1911/09/30,GFTRUSASTD,0.2350863
1911/10/31,GFTRUSASTD,0.2374588
1911/11/30,GFTRUSASTD,0.2480107
1911/12/31,GFTRUSASTD,0.250132
1912/01/31,GFTRUSASTD,0.2514166
1912/02/29,GFTRUSASTD,0.2502329
1912/03/31,GFTRUSASTD,0.2584832
1912/04/30,GFTRUSASTD,0.2676029
1912/05/31,GFTRUSASTD,0.2678306
1912/06/30,GFTRUSASTD,0.2694578
1912/07/31,GFTRUSASTD,0.270809
1912/08/31,GFTRUSASTD,0.2780904
1912/09/30,GFTRUSASTD,0.2805722
1912/10/31,GFTRUSASTD,0.2810765
1912/11/30,GFTRUSASTD,0.2790114
1912/12/31,GFTRUSASTD,0.2700621
1913/01/31,GFTRUSASTD,0.2688454
1913/02/28,GFTRUSASTD,0.2603732
1913/03/31,GFTRUSASTD,0.2565306
1913/04/30,GFTRUSASTD,0.2573345
1913/05/31,GFTRUSASTD,0.2514118
1913/06/30,GFTRUSASTD,0.2398899
1913/07/31,GFTRUSASTD,0.2442722
1913/08/31,GFTRUSASTD,0.2519369
1913/09/30,GFTRUSASTD,0.2554602
1913/10/31,GFTRUSASTD,0.2484708
1913/11/30,GFTRUSASTD,0.243304
1913/12/31,GFTRUSASTD,0.2440912
1914/01/31,GFTRUSASTD,0.2551919
1914/02/28,GFTRUSASTD,0.2596424
1914/03/31,GFTRUSASTD,0.2558261
1914/04/30,GFTRUSASTD,0.2507584
1914/05/31,GFTRUSASTD,0.2533874
1914/06/30,GFTRUSASTD,0.2532121
1914/07/31,GFTRUSASTD,0.2402571
1914/08/31,GFTRUSASTD,0.2202694
1914/09/30,GFTRUSASTD,0.2212459
1914/10/31,GFTRUSASTD,0.2101169
1914/11/30,GFTRUSASTD,0.2191681
1914/12/31,GFTRUSASTD,0.2351109
1915/01/31,GFTRUSASTD,0.240384
1915/02/28,GFTRUSASTD,0.2382909
1915/03/31,GFTRUSASTD,0.2455257
1915/04/30,GFTRUSASTD,0.2651197
1915/05/31,GFTRUSASTD,0.2600448
1915/06/30,GFTRUSASTD,0.2641042
1915/07/31,GFTRUSASTD,0.2642173
1915/08/31,GFTRUSASTD,0.2765434
1915/09/30,GFTRUSASTD,0.2879241
1915/10/31,GFTRUSASTD,0.3049997
1915/11/30,GFTRUSASTD,0.3167934
1915/12/31,GFTRUSASTD,0.3186061
1916/01/31,GFTRUSASTD,0.3147355
1916/02/29,GFTRUSASTD,0.3115242
1916/03/31,GFTRUSASTD,0.311841
1916/04/30,GFTRUSASTD,0.3097769
1916/05/31,GFTRUSASTD,0.3179533
1916/06/30,GFTRUSASTD,0.3225009
1916/07/31,GFTRUSASTD,0.3195085
1916/08/31,GFTRUSASTD,0.3234394
1916/09/30,GFTRUSASTD,0.3381982
1916/10/31,GFTRUSASTD,0.3502428
1916/11/30,GFTRUSASTD,0.3598851
1916/12/31,GFTRUSASTD,0.3470828
1917/01/31,GFTRUSASTD,0.3403744
1917/02/28,GFTRUSASTD,0.3232753
1917/03/31,GFTRUSASTD,0.3351213
1917/04/30,GFTRUSASTD,0.3319139
1917/05/31,GFTRUSASTD,0.3225399
1917/06/30,GFTRUSASTD,0.3310343
1917/07/31,GFTRUSASTD,0.3238672
1917/08/31,GFTRUSASTD,0.3162596
1917/09/30,GFTRUSASTD,0.3030479
1917/10/31,GFTRUSASTD,0.2886282
1917/11/30,GFTRUSASTD,0.2665756
1917/12/31,GFTRUSASTD,0.2594833
1918/01/31,GFTRUSASTD,0.2801841
1918/02/28,GFTRUSASTD,0.287904
1918/03/31,GFTRUSASTD,0.2787984
1918/04/30,GFTRUSASTD,0.2843078
1918/05/31,GFTRUSASTD,0.2907621
1918/06/30,GFTRUSASTD,0.2991441
1918/07/31,GFTRUSASTD,0.2991709
1918/08/31,GFTRUSASTD,0.3076746
1918/09/30,GFTRUSASTD,0.3043617
1918/10/31,GFTRUSASTD,0.3219716
1918/11/30,GFTRUSASTD,0.3190449
1918/12/31,GFTRUSASTD,0.3257875
1919/01/31,GFTRUSASTD,0.3223885
1919/02/28,GFTRUSASTD,0.3350736
1919/03/31,GFTRUSASTD,0.3388169
1919/04/30,GFTRUSASTD,0.3583718
1919/05/31,GFTRUSASTD,0.3894046
1919/06/30,GFTRUSASTD,0.3801224
1919/07/31,GFTRUSASTD,0.4053237
1919/08/31,GFTRUSASTD,0.3754137
1919/09/30,GFTRUSASTD,0.38463
1919/10/31,GFTRUSASTD,0.4156956
1919/11/30,GFTRUSASTD,0.3929594
1919/12/31,GFTRUSASTD,0.3931439
1920/01/31,GFTRUSASTD,0.3835707
1920/02/29,GFTRUSASTD,0.3569835
1920/03/31,GFTRUSASTD,0.3939621
1920/04/30,GFTRUSASTD,0.3670931
1920/05/31,GFTRUSASTD,0.354232
1920/06/30,GFTRUSASTD,0.352885
1920/07/31,GFTRUSASTD,0.3462766
1920/08/31,GFTRUSASTD,0.3503361
1920/09/30,GFTRUSASTD,0.3543596
1920/10/31,GFTRUSASTD,0.3605752
1920/11/30,GFTRUSASTD,0.3333459
1920/12/31,GFTRUSASTD,0.3157356
1921/01/31,GFTRUSASTD,0.3306949
1921/02/28,GFTRUSASTD,0.3298123
1921/03/31,GFTRUSASTD,0.3239164
1921/04/30,GFTRUSASTD,0.3329626
1921/05/31,GFTRUSASTD,0.3285222
1921/06/30,GFTRUSASTD,0.3060789
1921/07/31,GFTRUSASTD,0.3162655
1921/08/31,GFTRUSASTD,0.311747
1921/09/30,GFTRUSASTD,0.3220161
1921/10/31,GFTRUSASTD,0.3312172
1921/11/30,GFTRUSASTD,0.3543109
1921/12/31,GFTRUSASTD,0.3618295
1922/01/31,GFTRUSASTD,0.3666477
1922/02/28,GFTRUSASTD,0.3796895
1922/03/31,GFTRUSASTD,0.3939587
1922/04/30,GFTRUSASTD,0.4182981
1922/05/31,GFTRUSASTD,0.4415838
1922/06/30,GFTRUSASTD,0.425
1922/07/31,GFTRUSASTD,0.4323645
1922/08/31,GFTRUSASTD,0.4650896
1922/09/30,GFTRUSASTD,0.4604403
1922/10/31,GFTRUSASTD,0.4733728
1922/11/30,GFTRUSASTD,0.452276
1922/12/31,GFTRUSASTD,0.4623944
1923/01/31,GFTRUSASTD,0.4649428
1923/02/28,GFTRUSASTD,0.4972053
1923/03/31,GFTRUSASTD,0.4923438
1923/04/30,GFTRUSASTD,0.4812676
1923/05/31,GFTRUSASTD,0.4639206
1923/06/30,GFTRUSASTD,0.4301387
1923/07/31,GFTRUSASTD,0.44054
1923/08/31,GFTRUSASTD,0.4497532
1923/09/30,GFTRUSASTD,0.4379582
1923/10/31,GFTRUSASTD,0.4389335
1923/11/30,GFTRUSASTD,0.465725
1923/12/31,GFTRUSASTD,0.4816739
1924/01/31,GFTRUSASTD,0.4983638
1924/02/29,GFTRUSASTD,0.4902638
1924/03/31,GFTRUSASTD,0.479507
1924/04/30,GFTRUSASTD,0.4779227
1924/05/31,GFTRUSASTD,0.4829873
1924/06/30,GFTRUSASTD,0.5027858
1924/07/31,GFTRUSASTD,0.5274007
1924/08/31,GFTRUSASTD,0.5325456
1924/09/30,GFTRUSASTD,0.5356882
1924/10/31,GFTRUSASTD,0.5334252
1924/11/30,GFTRUSASTD,0.5727887
1924/12/31,GFTRUSASTD,0.6054851
1925/01/31,GFTRUSASTD,0.6203951
1925/02/28,GFTRUSASTD,0.6284977
1925/03/31,GFTRUSASTD,0.5893733
1925/04/30,GFTRUSASTD,0.6101352
1925/05/31,GFTRUSASTD,0.6443424
1925/06/30,GFTRUSASTD,0.6498682
1925/07/31,GFTRUSASTD,0.6759785
1925/08/31,GFTRUSASTD,0.6809187
1925/09/30,GFTRUSASTD,0.7016168
1925/10/31,GFTRUSASTD,0.7446916
1925/11/30,GFTRUSASTD,0.7455153
1925/12/31,GFTRUSASTD,0.784385
1926/01/31,GFTRUSASTD,0.7861968
1926/02/28,GFTRUSASTD,0.7545576
1926/03/31,GFTRUSASTD,0.7128995
1926/04/30,GFTRUSASTD,0.7303524
1926/05/31,GFTRUSASTD,0.741047
1926/06/30,GFTRUSASTD,0.7762821
1926/07/31,GFTRUSASTD,0.7940956
1926/08/31,GFTRUSASTD,0.8322882
1926/09/30,GFTRUSASTD,0.8548813
1926/10/31,GFTRUSASTD,0.8316404
1926/11/30,GFTRUSASTD,0.8538415
1926/12/31,GFTRUSASTD,0.8717512
1927/01/31,GFTRUSASTD,0.8573064
1927/02/28,GFTRUSASTD,0.9019647
1927/03/31,GFTRUSASTD,0.9115673
1927/04/30,GFTRUSASTD,0.9310359
1927/05/31,GFTRUSASTD,0.983527
1927/06/30,GFTRUSASTD,0.9780999
1927/07/31,GFTRUSASTD,1.0457356
1927/08/31,GFTRUSASTD,1.096377
1927/09/30,GFTRUSASTD,1.1357994
1927/10/31,GFTRUSASTD,1.0908609
1927/11/30,GFTRUSASTD,1.1689201
1927/12/31,GFTRUSASTD,1.1953976
1928/01/31,GFTRUSASTD,1.1934384
1928/02/29,GFTRUSASTD,1.1765632
1928/03/31,GFTRUSASTD,1.3085127
1928/04/30,GFTRUSASTD,1.3553119
1928/05/31,GFTRUSASTD,1.3767567
1928/06/30,GFTRUSASTD,1.3253353
1928/07/31,GFTRUSASTD,1.3463837
1928/08/31,GFTRUSASTD,1.4508552
1928/09/30,GFTRUSASTD,1.4902199
1928/10/31,GFTRUSASTD,1.516499
1928/11/30,GFTRUSASTD,1.7032356
1928/12/31,GFTRUSASTD,1.7130997
1929/01/31,GFTRUSASTD,1.8157046
1929/02/28,GFTRUSASTD,1.8099974
1929/03/31,GFTRUSASTD,1.8105839
1929/04/30,GFTRUSASTD,1.8446588
1929/05/31,GFTRUSASTD,1.7705061
1929/06/30,GFTRUSASTD,1.9747813
1929/07/31,GFTRUSASTD,2.0701345
1929/08/31,GFTRUSASTD,2.2785214
1929/09/30,GFTRUSASTD,2.1723835
1929/10/31,GFTRUSASTD,1.7442315
1929/11/30,GFTRUSASTD,1.51646
1929/12/31,GFTRUSASTD,1.5605154
1930/01/31,GFTRUSASTD,1.6642984
1930/02/28,GFTRUSASTD,1.7058484
1930/03/31,GFTRUSASTD,1.8473615
1930/04/30,GFTRUSASTD,1.8353416
1930/05/31,GFTRUSASTD,1.8115646
1930/06/30,GFTRUSASTD,1.5189684
1930/07/31,GFTRUSASTD,1.5799317
1930/08/31,GFTRUSASTD,1.597911
1930/09/30,GFTRUSASTD,1.3947126
1930/10/31,GFTRUSASTD,1.27621
1930/11/30,GFTRUSASTD,1.2543464
1930/12/31,GFTRUSASTD,1.1663714
1931/01/31,GFTRUSASTD,1.2293176
1931/02/28,GFTRUSASTD,1.37543
1931/03/31,GFTRUSASTD,1.2849192
1931/04/30,GFTRUSASTD,1.1667565
1931/05/31,GFTRUSASTD,1.0118587
1931/06/30,GFTRUSASTD,1.1582503
1931/07/31,GFTRUSASTD,1.0764603
1931/08/31,GFTRUSASTD,1.0923675
1931/09/30,GFTRUSASTD,0.7687328
1931/10/31,GFTRUSASTD,0.8385132
1931/11/30,GFTRUSASTD,0.7604914
1931/12/31,GFTRUSASTD,0.6548244
1932/01/31,GFTRUSASTD,0.639639
1932/02/29,GFTRUSASTD,0.6777335
1932/03/31,GFTRUSASTD,0.6009719
1932/04/30,GFTRUSASTD,0.48226
1932/05/31,GFTRUSASTD,0.3725832
1932/06/30,GFTRUSASTD,0.3723979
1932/07/31,GFTRUSASTD,0.5157978
1932/08/31,GFTRUSASTD,0.7131453
1932/09/30,GFTRUSASTD,0.6902849
1932/10/31,GFTRUSASTD,0.5962804
1932/11/30,GFTRUSASTD,0.5645238
1932/12/31,GFTRUSASTD,0.5967992
1933/01/31,GFTRUSASTD,0.6040021
1933/02/28,GFTRUSASTD,0.494707
1933/03/31,GFTRUSASTD,0.513793
1933/04/30,GFTRUSASTD,0.7341757
1933/05/31,GFTRUSASTD,0.8550084
1933/06/30,GFTRUSASTD,0.9703936
1933/07/31,GFTRUSASTD,0.8864118
1933/08/31,GFTRUSASTD,0.9911459
1933/09/30,GFTRUSASTD,0.8809173
1933/10/31,GFTRUSASTD,0.8042086
1933/11/30,GFTRUSASTD,0.8904169
1933/12/31,GFTRUSASTD,0.9124755
1934/01/31,GFTRUSASTD,1.0121498
1934/02/28,GFTRUSASTD,0.9772158
1934/03/31,GFTRUSASTD,0.9800253
1934/04/30,GFTRUSASTD,0.9563148
1934/05/31,GFTRUSASTD,0.8808065
1934/06/30,GFTRUSASTD,0.9020411
1934/07/31,GFTRUSASTD,0.8003925
1934/08/31,GFTRUSASTD,0.8462703
1934/09/30,GFTRUSASTD,0.8457215
1934/10/31,GFTRUSASTD,0.8204724
1934/11/30,GFTRUSASTD,0.8927829
1934/12/31,GFTRUSASTD,0.8911186
1935/01/31,GFTRUSASTD,0.857453
1935/02/28,GFTRUSASTD,0.8260036
1935/03/31,GFTRUSASTD,0.8027723
1935/04/30,GFTRUSASTD,0.8835355
1935/05/31,GFTRUSASTD,0.9152984
1935/06/30,GFTRUSASTD,0.9800461
1935/07/31,GFTRUSASTD,1.0652868
1935/08/31,GFTRUSASTD,1.0918157
1935/09/30,GFTRUSASTD,1.1208595
1935/10/31,GFTRUSASTD,1.2099305
1935/11/30,GFTRUSASTD,1.2601738
1935/12/31,GFTRUSASTD,1.3117985
1936/01/31,GFTRUSASTD,1.4019226
1936/02/29,GFTRUSASTD,1.4294361
1936/03/31,GFTRUSASTD,1.4693824
1936/04/30,GFTRUSASTD,1.3598089
1936/05/31,GFTRUSASTD,1.4265489
1936/06/30,GFTRUSASTD,1.4747762
1936/07/31,GFTRUSASTD,1.5812344
1936/08/31,GFTRUSASTD,1.5988597
1936/09/30,GFTRUSASTD,1.606465
1936/10/31,GFTRUSASTD,1.7338144
1936/11/30,GFTRUSASTD,1.7462059
1936/12/31,GFTRUSASTD,1.7420811
1937/01/31,GFTRUSASTD,1.8148385
1937/02/28,GFTRUSASTD,1.8481246
1937/03/31,GFTRUSASTD,1.8365117
1937/04/30,GFTRUSASTD,1.6913985
1937/05/31,GFTRUSASTD,1.6804542
1937/06/30,GFTRUSASTD,1.5991729
1937/07/31,GFTRUSASTD,1.7692741
1937/08/31,GFTRUSASTD,1.6788351
1937/09/30,GFTRUSASTD,1.4470399
1937/10/31,GFTRUSASTD,1.3071033
1937/11/30,GFTRUSASTD,1.1810358
1937/12/31,GFTRUSASTD,1.1278638
1938/01/31,GFTRUSASTD,1.1509898
1938/02/28,GFTRUSASTD,1.2284881
1938/03/31,GFTRUSASTD,0.9273891
1938/04/30,GFTRUSASTD,1.0646283
1938/05/31,GFTRUSASTD,1.0243871
1938/06/30,GFTRUSASTD,1.2845161
1938/07/31,GFTRUSASTD,1.3829673
1938/08/31,GFTRUSASTD,1.3511566
1938/09/30,GFTRUSASTD,1.3784968
1938/10/31,GFTRUSASTD,1.486806
1938/11/30,GFTRUSASTD,1.4432395
1938/12/31,GFTRUSASTD,1.502304
1939/01/31,GFTRUSASTD,1.404123
1939/02/28,GFTRUSASTD,1.4550525
1939/03/31,GFTRUSASTD,1.2624601
1939/04/30,GFTRUSASTD,1.2602912
1939/05/31,GFTRUSASTD,1.3438853
1939/06/30,GFTRUSASTD,1.2629068
1939/07/31,GFTRUSASTD,1.4060553
1939/08/31,GFTRUSASTD,1.3114985
1939/09/30,GFTRUSASTD,1.5326006
1939/10/31,GFTRUSASTD,1.516437
1939/11/30,GFTRUSASTD,1.4481359
1939/12/31,GFTRUSASTD,1.4886396
1940/01/31,GFTRUSASTD,1.4423768
1940/02/29,GFTRUSASTD,1.4577013
1940/03/31,GFTRUSASTD,1.4791416
1940/04/30,GFTRUSASTD,1.4780734
1940/05/31,GFTRUSASTD,1.1303902
1940/06/30,GFTRUSASTD,1.2245434
1940/07/31,GFTRUSASTD,1.2684523
1940/08/31,GFTRUSASTD,1.3079322
1940/09/30,GFTRUSASTD,1.3289022
1940/10/31,GFTRUSASTD,1.3876364
1940/11/30,GFTRUSASTD,1.3362817
1940/12/31,GFTRUSASTD,1.338548
1941/01/31,GFTRUSASTD,1.2819881
1941/02/28,GFTRUSASTD,1.2699581
1941/03/31,GFTRUSASTD,1.2820508
1941/04/30,GFTRUSASTD,1.2067985
1941/05/31,GFTRUSASTD,1.2175034
1941/06/30,GFTRUSASTD,1.2906354
1941/07/31,GFTRUSASTD,1.3692432
1941/08/31,GFTRUSASTD,1.3653266
1941/09/30,GFTRUSASTD,1.3596967
1941/10/31,GFTRUSASTD,1.2752603
1941/11/30,GFTRUSASTD,1.2291503
1941/12/31,GFTRUSASTD,1.1810369
1942/01/31,GFTRUSASTD,1.2051308
1942/02/28,GFTRUSASTD,1.1746373
1942/03/31,GFTRUSASTD,1.1109441
1942/04/30,GFTRUSASTD,1.0700325
1942/05/31,GFTRUSASTD,1.1461658
1942/06/30,GFTRUSASTD,1.174994
1942/07/31,GFTRUSASTD,1.2191122
1942/08/31,GFTRUSASTD,1.2350131
1942/09/30,GFTRUSASTD,1.275373
1942/10/31,GFTRUSASTD,1.3645973
1942/11/30,GFTRUSASTD,1.3528866
1942/12/31,GFTRUSASTD,1.4299496
1943/01/31,GFTRUSASTD,1.5396048
1943/02/28,GFTRUSASTD,1.6247658
1943/03/31,GFTRUSASTD,1.7176904
1943/04/30,GFTRUSASTD,1.7264659
1943/05/31,GFTRUSASTD,1.8112469
1943/06/30,GFTRUSASTD,1.8545006
1943/07/31,GFTRUSASTD,1.7614045
1943/08/31,GFTRUSASTD,1.7870344
1943/09/30,GFTRUSASTD,1.8370155
1943/10/31,GFTRUSASTD,1.8204183
1943/11/30,GFTRUSASTD,1.6907403
1943/12/31,GFTRUSASTD,1.7982698
1944/01/31,GFTRUSASTD,1.833965
1944/02/29,GFTRUSASTD,1.8373253
1944/03/31,GFTRUSASTD,1.8764479
1944/04/30,GFTRUSASTD,1.861231
1944/05/31,GFTRUSASTD,1.9447257
1944/06/30,GFTRUSASTD,2.0521912
1944/07/31,GFTRUSASTD,2.0179431
1944/08/31,GFTRUSASTD,2.0438715
1944/09/30,GFTRUSASTD,2.0460009
1944/10/31,GFTRUSASTD,2.0545429
1944/11/30,GFTRUSASTD,2.0711579
1944/12/31,GFTRUSASTD,2.1524128
1945/01/31,GFTRUSASTD,2.1919952
1945/02/28,GFTRUSASTD,2.3358859
1945/03/31,GFTRUSASTD,2.2369324
1945/04/30,GFTRUSASTD,2.4426131
1945/05/31,GFTRUSASTD,2.4795092
1945/06/30,GFTRUSASTD,2.4801874
1945/07/31,GFTRUSASTD,2.4395652
1945/08/31,GFTRUSASTD,2.590176
1945/09/30,GFTRUSASTD,2.7079019
1945/10/31,GFTRUSASTD,2.7992174
1945/11/30,GFTRUSASTD,2.8992508
1945/12/31,GFTRUSASTD,2.9371946
1946/01/31,GFTRUSASTD,3.1515013
1946/02/28,GFTRUSASTD,2.942205
1946/03/31,GFTRUSASTD,3.0880639
1946/04/30,GFTRUSASTD,3.2138739
1946/05/31,GFTRUSASTD,3.2955468
1946/06/30,GFTRUSASTD,3.1764179
1946/07/31,GFTRUSASTD,3.1052666
1946/08/31,GFTRUSASTD,2.8887315
1946/09/30,GFTRUSASTD,2.6058909
1946/10/31,GFTRUSASTD,2.5964595
1946/11/30,GFTRUSASTD,2.5759624
1946/12/31,GFTRUSASTD,2.6969206
1947/01/31,GFTRUSASTD,2.7696402
1947/02/28,GFTRUSASTD,2.7404749
1947/03/31,GFTRUSASTD,2.7060854
1947/04/30,GFTRUSASTD,2.6118344
1947/05/31,GFTRUSASTD,2.5991085
1947/06/30,GFTRUSASTD,2.7479488
1947/07/31,GFTRUSASTD,2.8599382
1947/08/31,GFTRUSASTD,2.789648
1947/09/30,GFTRUSASTD,2.7626191
1947/10/31,GFTRUSASTD,2.8353295
1947/11/30,GFTRUSASTD,2.7671746
1947/12/31,GFTRUSASTD,2.8382415
1948/01/31,GFTRUSASTD,2.7392549
1948/02/29,GFTRUSASTD,2.6233573
1948/03/31,GFTRUSASTD,2.8371699
1948/04/30,GFTRUSASTD,2.92634
1948/05/31,GFTRUSASTD,3.1683112
1948/06/30,GFTRUSASTD,3.1937164
1948/07/31,GFTRUSASTD,3.0346436
1948/08/31,GFTRUSASTD,3.072669
1948/09/30,GFTRUSASTD,2.994543
1948/10/31,GFTRUSASTD,3.2115766
1948/11/30,GFTRUSASTD,2.8793101
1948/12/31,GFTRUSASTD,2.9829645
1949/01/31,GFTRUSASTD,3.0039446
1949/02/28,GFTRUSASTD,2.9007942
1949/03/31,GFTRUSASTD,3.0044526
1949/04/30,GFTRUSASTD,2.9586064
1949/05/31,GFTRUSASTD,2.8644895
1949/06/30,GFTRUSASTD,2.8740225
1949/07/31,GFTRUSASTD,3.0731599
1949/08/31,GFTRUSASTD,3.1268551
1949/09/30,GFTRUSASTD,3.217072
1949/10/31,GFTRUSASTD,3.3318298
1949/11/30,GFTRUSASTD,3.3552833
1949/12/31,GFTRUSASTD,3.521831
1950/01/31,GFTRUSASTD,3.6032511
1950/02/28,GFTRUSASTD,3.6597696
1950/03/31,GFTRUSASTD,3.6953779
1950/04/30,GFTRUSASTD,3.8834569
1950/05/31,GFTRUSASTD,4.0575362
1950/06/30,GFTRUSASTD,3.8436294
1950/07/31,GFTRUSASTD,3.9003181
1950/08/31,GFTRUSASTD,4.051352
1950/09/30,GFTRUSASTD,4.3021705
1950/10/31,GFTRUSASTD,4.3469729
1950/11/30,GFTRUSASTD,4.3697707
1950/12/31,GFTRUSASTD,4.5987771
1951/01/31,GFTRUSASTD,4.9089774
1951/02/28,GFTRUSASTD,4.9694039
1951/03/31,GFTRUSASTD,4.907085
1951/04/30,GFTRUSASTD,5.1730553
1951/05/31,GFTRUSASTD,4.9931669
1951/06/30,GFTRUSASTD,4.8933852
1951/07/31,GFTRUSASTD,5.2591626
1951/08/31,GFTRUSASTD,5.4955155
1951/09/30,GFTRUSASTD,5.5206733
1951/10/31,GFTRUSASTD,5.4726267
1951/11/30,GFTRUSASTD,5.4863323
1951/12/31,GFTRUSASTD,5.7279092
1952/01/31,GFTRUSASTD,5.8472676
1952/02/29,GFTRUSASTD,5.6623266
1952/03/31,GFTRUSASTD,5.9608156
1952/04/30,GFTRUSASTD,5.734816
1952/05/31,GFTRUSASTD,5.8945775
1952/06/30,GFTRUSASTD,6.1969653
1952/07/31,GFTRUSASTD,6.3377105
1952/08/31,GFTRUSASTD,6.2767987
1952/09/30,GFTRUSASTD,6.1840313
1952/10/31,GFTRUSASTD,6.2070825
1952/11/30,GFTRUSASTD,6.5271164
1952/12/31,GFTRUSASTD,6.7876335
1953/01/31,GFTRUSASTD,6.7693558
1953/02/28,GFTRUSASTD,6.6766126
1953/03/31,GFTRUSASTD,6.547928
1953/04/30,GFTRUSASTD,6.4043466
1953/05/31,GFTRUSASTD,6.4169508
1953/06/30,GFTRUSASTD,6.3425404
1953/07/31,GFTRUSASTD,6.5357176
1953/08/31,GFTRUSASTD,6.1879737
1953/09/30,GFTRUSASTD,6.2259912
1953/10/31,GFTRUSASTD,6.5773502
1953/11/30,GFTRUSASTD,6.6670837
1953/12/31,GFTRUSASTD,6.713057
1954/01/31,GFTRUSASTD,7.0903463
1954/02/28,GFTRUSASTD,7.1443068
1954/03/31,GFTRUSASTD,7.3910589
1954/04/30,GFTRUSASTD,7.7871353
1954/05/31,GFTRUSASTD,8.0772115
1954/06/30,GFTRUSASTD,8.1175418
1954/07/31,GFTRUSASTD,8.6135206
1954/08/31,GFTRUSASTD,8.3559998
1954/09/30,GFTRUSASTD,9.0850637
1954/10/31,GFTRUSASTD,8.9443374
1954/11/30,GFTRUSASTD,9.7022393
1954/12/31,GFTRUSASTD,10.2309499
1955/01/31,GFTRUSASTD,10.4504356
1955/02/28,GFTRUSASTD,10.527158
1955/03/31,GFTRUSASTD,10.5139594
1955/04/30,GFTRUSASTD,10.9446553
1955/05/31,GFTRUSASTD,10.9679486
1955/06/30,GFTRUSASTD,11.9084998
1955/07/31,GFTRUSASTD,12.6738449
1955/08/31,GFTRUSASTD,12.6141542
1955/09/30,GFTRUSASTD,12.7969921
1955/10/31,GFTRUSASTD,12.4459111
1955/11/30,GFTRUSASTD,13.4188735
1955/12/31,GFTRUSASTD,13.4464101
1956/01/31,GFTRUSASTD,13.0012485
1956/02/29,GFTRUSASTD,13.4923716
1956/03/31,GFTRUSASTD,14.4722957
1956/04/30,GFTRUSASTD,14.486981
1956/05/31,GFTRUSASTD,13.5778808
1956/06/30,GFTRUSASTD,14.1563441
1956/07/31,GFTRUSASTD,14.9313228
1956/08/31,GFTRUSASTD,14.4065653
1956/09/30,GFTRUSASTD,13.7999755
1956/10/31,GFTRUSASTD,13.9166051
1956/11/30,GFTRUSASTD,13.8071247
1956/12/31,GFTRUSASTD,14.3375005
1957/01/31,GFTRUSASTD,13.7821348
1957/02/28,GFTRUSASTD,13.3757546
1957/03/31,GFTRUSASTD,13.6831226
1957/04/30,GFTRUSASTD,14.2334506
1957/05/31,GFTRUSASTD,14.8042406
1957/06/30,GFTRUSASTD,14.8304855
1957/07/31,GFTRUSASTD,15.0454211
1957/08/31,GFTRUSASTD,14.2467005
1957/09/30,GFTRUSASTD,13.4107709
1957/10/31,GFTRUSASTD,13.0279806
1957/11/30,GFTRUSASTD,13.2847165
1957/12/31,GFTRUSASTD,12.7813799
1958/01/31,GFTRUSASTD,13.3750125
1958/02/28,GFTRUSASTD,13.1464391
1958/03/31,GFTRUSASTD,13.5994665
1958/04/30,GFTRUSASTD,14.0788642
1958/05/31,GFTRUSASTD,14.3362077
1958/06/30,GFTRUSASTD,14.7569665
1958/07/31,GFTRUSASTD,15.4401197
1958/08/31,GFTRUSASTD,15.6704768
1958/09/30,GFTRUSASTD,16.4759359
1958/10/31,GFTRUSASTD,16.94193
1958/11/30,GFTRUSASTD,17.369565
1958/12/31,GFTRUSASTD,18.3213981
1959/01/31,GFTRUSASTD,18.4399761
1959/02/28,GFTRUSASTD,18.4856596
1959/03/31,GFTRUSASTD,18.5448357
1959/04/30,GFTRUSASTD,19.3139426
1959/05/31,GFTRUSASTD,19.7295144
1959/06/30,GFTRUSASTD,19.7090379
1959/07/31,GFTRUSASTD,20.4475018
1959/08/31,GFTRUSASTD,20.1910165
1959/09/30,GFTRUSASTD,19.3206116
1959/10/31,GFTRUSASTD,19.5897782
1959/11/30,GFTRUSASTD,19.9005511
1959/12/31,GFTRUSASTD,20.5024572
1960/01/31,GFTRUSASTD,19.0926291
1960/02/29,GFTRUSASTD,19.3232831
1960/03/31,GFTRUSASTD,19.110448
1960/04/30,GFTRUSASTD,18.8316498
1960/05/31,GFTRUSASTD,19.3935764
1960/06/30,GFTRUSASTD,19.8287235
1960/07/31,GFTRUSASTD,19.3940964
1960/08/31,GFTRUSASTD,19.9574147
1960/09/30,GFTRUSASTD,18.8090028
1960/10/31,GFTRUSASTD,18.8202312
1960/11/30,GFTRUSASTD,19.6353825
1960/12/31,GFTRUSASTD,20.6014928
1961/01/31,GFTRUSASTD,21.9599142
1961/02/28,GFTRUSASTD,22.6074693
1961/03/31,GFTRUSASTD,23.2423478
1961/04/30,GFTRUSASTD,23.3894049
1961/05/31,GFTRUSASTD,23.894871
1961/06/30,GFTRUSASTD,23.2672088
1961/07/31,GFTRUSASTD,24.0854523
1961/08/31,GFTRUSASTD,24.6170092
1961/09/30,GFTRUSASTD,24.1915325
1961/10/31,GFTRUSASTD,24.9376595
1961/11/30,GFTRUSASTD,25.9800102
1961/12/31,GFTRUSASTD,26.1250431
1962/01/31,GFTRUSASTD,25.1975421
1962/02/28,GFTRUSASTD,25.6698079
1962/03/31,GFTRUSASTD,25.58168
1962/04/30,GFTRUSASTD,24.0595787
1962/05/31,GFTRUSASTD,22.0539142
1962/06/30,GFTRUSASTD,20.312513
1962/07/31,GFTRUSASTD,21.6678805
1962/08/31,GFTRUSASTD,22.0635877
1962/09/30,GFTRUSASTD,21.0647174
1962/10/31,GFTRUSASTD,21.2247774
1962/11/30,GFTRUSASTD,23.4469354
1962/12/31,GFTRUSASTD,23.8302102
1963/01/31,GFTRUSASTD,25.0686604
1963/02/28,GFTRUSASTD,24.4131416
1963/03/31,GFTRUSASTD,25.3469791
1963/04/30,GFTRUSASTD,26.6465877
1963/05/31,GFTRUSASTD,27.0983924
1963/06/30,GFTRUSASTD,26.6212052
1963/07/31,GFTRUSASTD,26.5998479
1963/08/31,GFTRUSASTD,27.9674605
1963/09/30,GFTRUSASTD,27.7298451
1963/10/31,GFTRUSASTD,28.6966998
1963/11/30,GFTRUSASTD,28.4678504
1963/12/31,GFTRUSASTD,29.2375866
1964/01/31,GFTRUSASTD,30.1004049
1964/02/29,GFTRUSASTD,30.4730856
1964/03/31,GFTRUSASTD,31.011323
1964/04/30,GFTRUSASTD,31.2777934
1964/05/31,GFTRUSASTD,31.7140316
1964/06/30,GFTRUSASTD,32.3130738
1964/07/31,GFTRUSASTD,32.9827909
1964/08/31,GFTRUSASTD,32.5280627
1964/09/30,GFTRUSASTD,33.543073
1964/10/31,GFTRUSASTD,33.8971577
1964/11/30,GFTRUSASTD,33.80458
1964/12/31,GFTRUSASTD,34.0201508
1965/01/31,GFTRUSASTD,35.2333688
1965/02/28,GFTRUSASTD,35.2666652
1965/03/31,GFTRUSASTD,34.8401124
1965/04/30,GFTRUSASTD,36.1209705
1965/05/31,GFTRUSASTD,35.929387
1965/06/30,GFTRUSASTD,34.2703896
1965/07/31,GFTRUSASTD,34.8210502
1965/08/31,GFTRUSASTD,35.6957865
1965/09/30,GFTRUSASTD,36.9291487
1965/10/31,GFTRUSASTD,38.0319448
1965/11/30,GFTRUSASTD,37.7919241
1965/12/31,GFTRUSASTD,38.2236182
1966/01/31,GFTRUSASTD,38.5054159
1966/02/28,GFTRUSASTD,37.9133458
1966/03/31,GFTRUSASTD,37.1826756
1966/04/30,GFTRUSASTD,38.0435889
1966/05/31,GFTRUSASTD,36.0825601
1966/06/30,GFTRUSASTD,35.5990545
1966/07/31,GFTRUSASTD,35.2214065
1966/08/31,GFTRUSASTD,32.5844091
1966/09/30,GFTRUSASTD,32.4578438
1966/10/31,GFTRUSASTD,34.1024692
1966/11/30,GFTRUSASTD,34.3105448
1966/12/31,GFTRUSASTD,34.3612885
1967/01/31,GFTRUSASTD,37.1509932
1967/02/28,GFTRUSASTD,37.3275205
1967/03/31,GFTRUSASTD,38.9027077
1967/04/30,GFTRUSASTD,40.6500053
1967/05/31,GFTRUSASTD,38.6229103
1967/06/30,GFTRUSASTD,39.4040863
1967/07/31,GFTRUSASTD,41.296557
1967/08/31,GFTRUSASTD,40.9188794
1967/09/30,GFTRUSASTD,42.3667657
1967/10/31,GFTRUSASTD,41.2423697
1967/11/30,GFTRUSASTD,41.3932915
1967/12/31,GFTRUSASTD,42.5882308
1968/01/31,GFTRUSASTD,40.8294182
1968/02/29,GFTRUSASTD,39.6633807
1968/03/31,GFTRUSASTD,40.1453223
1968/04/30,GFTRUSASTD,43.4871413
1968/05/31,GFTRUSASTD,44.142691
1968/06/30,GFTRUSASTD,44.6566527
1968/07/31,GFTRUSASTD,43.9447361
1968/08/31,GFTRUSASTD,44.5616408
1968/09/30,GFTRUSASTD,46.3927866
1968/10/31,GFTRUSASTD,46.8428151
1968/11/30,GFTRUSASTD,49.2053729
1968/12/31,GFTRUSASTD,47.2739305
1969/01/31,GFTRUSASTD,47.0046446
1969/02/28,GFTRUSASTD,44.8957596
1969/03/31,GFTRUSASTD,46.5601943
1969/04/30,GFTRUSASTD,47.6798008
1969/05/31,GFTRUSASTD,47.6941643
1969/06/30,GFTRUSASTD,45.1635799
1969/07/31,GFTRUSASTD,42.5670465
1969/08/31,GFTRUSASTD,44.3946309
1969/09/30,GFTRUSASTD,43.4056351
1969/10/31,GFTRUSASTD,45.3927449
1969/11/30,GFTRUSASTD,43.9688232
1969/12/31,GFTRUSASTD,43.2719299
1970/01/31,GFTRUSASTD,40.0870625
1970/02/28,GFTRUSASTD,42.3238777
1970/03/31,GFTRUSASTD,42.5103905
1970/04/30,GFTRUSASTD,38.7895764
1970/05/31,GFTRUSASTD,36.5506753
1970/06/30,GFTRUSASTD,34.8483936
1970/07/31,GFTRUSASTD,37.5300812
1970/08/31,GFTRUSASTD,39.3263412
1970/09/30,GFTRUSASTD,40.7958919
1970/10/31,GFTRUSASTD,40.4143287
1970/11/30,GFTRUSASTD,42.4588811
1970/12/31,GFTRUSASTD,44.9966073
1971/01/31,GFTRUSASTD,46.9443652
1971/02/28,GFTRUSASTD,47.4970466
1971/03/31,GFTRUSASTD,49.3719571
1971/04/30,GFTRUSASTD,51.2905986
1971/05/31,GFTRUSASTD,49.2864451
1971/06/30,GFTRUSASTD,49.4488975
1971/07/31,GFTRUSASTD,47.5330724
1971/08/31,GFTRUSASTD,49.3768453
1971/09/30,GFTRUSASTD,49.1611105
1971/10/31,GFTRUSASTD,47.2344546
1971/11/30,GFTRUSASTD,47.2425364
1971/12/31,GFTRUSASTD,51.4425812
1972/01/31,GFTRUSASTD,52.5035406
1972/02/29,GFTRUSASTD,53.7688264
1972/03/31,GFTRUSASTD,54.4096033
1972/04/30,GFTRUSASTD,54.7779422
1972/05/31,GFTRUSASTD,55.7624647
1972/06/30,GFTRUSASTD,54.7661565
1972/07/31,GFTRUSASTD,55.0252356
1972/08/31,GFTRUSASTD,57.0524602
1972/09/30,GFTRUSASTD,56.9071347
1972/10/31,GFTRUSASTD,57.5723192
1972/11/30,GFTRUSASTD,60.4374979
1972/12/31,GFTRUSASTD,61.1835476
1973/01/31,GFTRUSASTD,60.2734227
1973/02/28,GFTRUSASTD,58.1510529
1973/03/31,GFTRUSASTD,58.205169
1973/04/30,GFTRUSASTD,55.9704477
1973/05/31,GFTRUSASTD,55.0540001
1973/06/30,GFTRUSASTD,54.8328763
1973/07/31,GFTRUSASTD,57.0587743
1973/08/31,GFTRUSASTD,55.1094265
1973/09/30,GFTRUSASTD,57.4633429
1973/10/31,GFTRUSASTD,57.5383606
1973/11/30,GFTRUSASTD,51.1365512
1973/12/31,GFTRUSASTD,52.1337402
1974/01/31,GFTRUSASTD,51.7631075
1974/02/28,GFTRUSASTD,51.7293687
1974/03/31,GFTRUSASTD,50.6792114
1974/04/30,GFTRUSASTD,48.8576083
1974/05/31,GFTRUSASTD,47.3761698
1974/06/30,GFTRUSASTD,46.8397049
1974/07/31,GFTRUSASTD,43.3590765
1974/08/31,GFTRUSASTD,39.6083729
1974/09/30,GFTRUSASTD,35.0459536
1974/10/31,GFTRUSASTD,40.9255057
1974/11/30,GFTRUSASTD,38.9153866
1974/12/31,GFTRUSASTD,38.2980073
1975/01/31,GFTRUSASTD,43.1723982
1975/02/28,GFTRUSASTD,45.9293986
1975/03/31,GFTRUSASTD,47.0978446
1975/04/30,GFTRUSASTD,49.4986073
1975/05/31,GFTRUSASTD,51.8568221
1975/06/30,GFTRUSASTD,54.331253
1975/07/31,GFTRUSASTD,50.8319675
1975/08/31,GFTRUSASTD,49.9379824
1975/09/30,GFTRUSASTD,48.3854222
1975/10/31,GFTRUSASTD,51.5448374
1975/11/30,GFTRUSASTD,52.9957889
1975/12/31,GFTRUSASTD,52.5640195
1976/01/31,GFTRUSASTD,58.9619349
1976/02/29,GFTRUSASTD,58.4693807
1976/03/31,GFTRUSASTD,60.4440365
1976/04/30,GFTRUSASTD,59.9637484
1976/05/31,GFTRUSASTD,59.2870988
1976/06/30,GFTRUSASTD,61.8991571
1976/07/31,GFTRUSASTD,61.5908865
1976/08/31,GFTRUSASTD,61.4662853
1976/09/30,GFTRUSASTD,63.049669
1976/10/31,GFTRUSASTD,61.8501766
1976/11/30,GFTRUSASTD,61.5723502
1976/12/31,GFTRUSASTD,65.0083427
1977/01/31,GFTRUSASTD,61.934846
1977/02/28,GFTRUSASTD,60.8053955
1977/03/31,GFTRUSASTD,60.1654166
1977/04/30,GFTRUSASTD,60.3997987
1977/05/31,GFTRUSASTD,59.1994441
1977/06/30,GFTRUSASTD,62.1085453
1977/07/31,GFTRUSASTD,61.3326869
1977/08/31,GFTRUSASTD,60.2747888
1977/09/30,GFTRUSASTD,60.3587874
1977/10/31,GFTRUSASTD,57.9823076
1977/11/30,GFTRUSASTD,59.789971
1977/12/31,GFTRUSASTD,60.2055422
1978/01/31,GFTRUSASTD,56.7553642
1978/02/28,GFTRUSASTD,55.604142
1978/03/31,GFTRUSASTD,57.2459195
1978/04/30,GFTRUSASTD,62.398185
1978/05/31,GFTRUSASTD,62.9260972
1978/06/30,GFTRUSASTD,62.084313
1978/07/31,GFTRUSASTD,65.7033488
1978/08/31,GFTRUSASTD,67.6796207
1978/09/30,GFTRUSASTD,67.4625434
1978/10/31,GFTRUSASTD,61.5625512
1978/11/30,GFTRUSASTD,62.8659749
1978/12/31,GFTRUSASTD,64.082723
1979/01/31,GFTRUSASTD,66.9184918
1979/02/28,GFTRUSASTD,64.76439
1979/03/31,GFTRUSASTD,68.6278204
1979/04/30,GFTRUSASTD,69.0434109
1979/05/31,GFTRUSASTD,67.5270032
1979/06/30,GFTRUSASTD,70.440646
1979/07/31,GFTRUSASTD,71.3711109
1979/08/31,GFTRUSASTD,75.4749972
1979/09/30,GFTRUSASTD,75.7919922
1979/10/31,GFTRUSASTD,70.9187012
1979/11/30,GFTRUSASTD,74.2693644
1979/12/31,GFTRUSASTD,75.8437676
1980/01/31,GFTRUSASTD,80.5538084
1980/02/29,GFTRUSASTD,80.5418517
1980/03/31,GFTRUSASTD,72.6855319
1980/04/30,GFTRUSASTD,76.0283503
1980/05/31,GFTRUSASTD,79.9231262
1980/06/30,GFTRUSASTD,82.4342241
1980/07/31,GFTRUSASTD,88.1607071
1980/08/31,GFTRUSASTD,89.0416891
1980/09/30,GFTRUSASTD,91.6508201
1980/10/31,GFTRUSASTD,93.4939664
1980/11/30,GFTRUSASTD,103.4417905
1980/12/31,GFTRUSASTD,100.3158824
1981/01/31,GFTRUSASTD,96.1140819
1981/02/28,GFTRUSASTD,97.7780998
1981/03/31,GFTRUSASTD,101.6913094
1981/04/30,GFTRUSASTD,99.7041017
1981/05/31,GFTRUSASTD,99.9387565
1981/06/30,GFTRUSASTD,99.2999549
1981/07/31,GFTRUSASTD,99.4916664
1981/08/31,GFTRUSASTD,93.7262457
1981/09/30,GFTRUSASTD,89.0953811
1981/10/31,GFTRUSASTD,93.8979795
1981/11/30,GFTRUSASTD,97.7595762
1981/12/31,GFTRUSASTD,95.2469162
1982/01/31,GFTRUSASTD,94.0110457
1982/02/28,GFTRUSASTD,88.756027
1982/03/31,GFTRUSASTD,88.2929043
1982/04/30,GFTRUSASTD,92.2735334
1982/05/31,GFTRUSASTD,89.1098849
1982/06/30,GFTRUSASTD,87.7536686
1982/07/31,GFTRUSASTD,86.1934184
1982/08/31,GFTRUSASTD,96.6491977
1982/09/30,GFTRUSASTD,97.8468937
1982/10/31,GFTRUSASTD,109.111007
1982/11/30,GFTRUSASTD,113.5197021
1982/12/31,GFTRUSASTD,115.709087
1983/01/31,GFTRUSASTD,120.0172073
1983/02/28,GFTRUSASTD,122.7708568
1983/03/31,GFTRUSASTD,127.3116615
1983/04/30,GFTRUSASTD,137.3313043
1983/05/31,GFTRUSASTD,136.1183902
1983/06/30,GFTRUSASTD,141.4144185
1983/07/31,GFTRUSASTD,137.2368942
1983/08/31,GFTRUSASTD,139.28297
1983/09/30,GFTRUSASTD,141.1996497
1983/10/31,GFTRUSASTD,139.5599634
1983/11/30,GFTRUSASTD,142.4959876
1983/12/31,GFTRUSASTD,141.7432587
1984/01/31,GFTRUSASTD,140.9507136
1984/02/29,GFTRUSASTD,135.9893941
1984/03/31,GFTRUSASTD,138.3429747
1984/04/30,GFTRUSASTD,139.6288254
1984/05/31,GFTRUSASTD,131.8728847
1984/06/30,GFTRUSASTD,134.7088429
1984/07/31,GFTRUSASTD,133.0337281
1984/08/31,GFTRUSASTD,147.7228266
1984/09/30,GFTRUSASTD,147.7534648
1984/10/31,GFTRUSASTD,148.3023051
1984/11/30,GFTRUSASTD,146.6210188
1984/12/31,GFTRUSASTD,150.4637031
1985/01/31,GFTRUSASTD,162.1845471
1985/02/28,GFTRUSASTD,164.1606466
1985/03/31,GFTRUSASTD,164.267863
1985/04/30,GFTRUSASTD,164.099095
1985/05/31,GFTRUSASTD,173.5569171
1985/06/30,GFTRUSASTD,176.2527914
1985/07/31,GFTRUSASTD,175.999139
1985/08/31,GFTRUSASTD,174.4909202
1985/09/30,GFTRUSASTD,169.0368376
1985/10/31,GFTRUSASTD,176.8332929
1985/11/30,GFTRUSASTD,188.9520256
1985/12/31,GFTRUSASTD,198.0818463
1986/01/31,GFTRUSASTD,199.1777015
1986/02/28,GFTRUSASTD,214.0445733
1986/03/31,GFTRUSASTD,225.9757943
1986/04/30,GFTRUSASTD,223.4172804
1986/05/31,GFTRUSASTD,235.2787618
1986/06/30,GFTRUSASTD,239.2406694
1986/07/31,GFTRUSASTD,225.8563115
1986/08/31,GFTRUSASTD,242.590855
1986/09/30,GFTRUSASTD,222.5224149
1986/10/31,GFTRUSASTD,235.3639586
1986/11/30,GFTRUSASTD,241.0840694
1986/12/31,GFTRUSASTD,234.9318738
1987/01/31,GFTRUSASTD,266.5617113
1987/02/28,GFTRUSASTD,277.0789962
1987/03/31,GFTRUSASTD,285.0688726
1987/04/30,GFTRUSASTD,282.49757
1987/05/31,GFTRUSASTD,284.8984907
1987/06/30,GFTRUSASTD,299.2458779
1987/07/31,GFTRUSASTD,314.3876169
1987/08/31,GFTRUSASTD,326.0913798
1987/09/30,GFTRUSASTD,318.9243259
1987/10/31,GFTRUSASTD,250.244446
1987/11/30,GFTRUSASTD,229.6168863
1987/12/31,GFTRUSASTD,247.0799963
1988/01/31,GFTRUSASTD,257.473
1988/02/29,GFTRUSASTD,269.475
1988/03/31,GFTRUSASTD,261.15
1988/04/30,GFTRUSASTD,264.038
1988/05/31,GFTRUSASTD,266.322
1988/06/30,GFTRUSASTD,278.544
1988/07/31,GFTRUSASTD,277.487
1988/08/31,GFTRUSASTD,268.067
1988/09/30,GFTRUSASTD,279.488
1988/10/31,GFTRUSASTD,287.27
1988/11/30,GFTRUSASTD,283.176
1988/12/31,GFTRUSASTD,288.116
1989/01/31,GFTRUSASTD,309.214
1989/02/28,GFTRUSASTD,301.508
1989/03/31,GFTRUSASTD,308.542
1989/04/30,GFTRUSASTD,324.562
1989/05/31,GFTRUSASTD,337.693
1989/06/30,GFTRUSASTD,335.778
1989/07/31,GFTRUSASTD,366.095
1989/08/31,GFTRUSASTD,373.252
1989/09/30,GFTRUSASTD,371.738
1989/10/31,GFTRUSASTD,363.106
1989/11/30,GFTRUSASTD,370.511
1989/12/31,GFTRUSASTD,379.409
1990/01/31,GFTRUSASTD,353.937
1990/02/28,GFTRUSASTD,358.496
1990/03/31,GFTRUSASTD,367.995
1990/04/30,GFTRUSASTD,358.815
1990/05/31,GFTRUSASTD,393.801
1990/06/30,GFTRUSASTD,391.144
1990/07/31,GFTRUSASTD,389.89
1990/08/31,GFTRUSASTD,354.648
1990/09/30,GFTRUSASTD,337.388
1990/10/31,GFTRUSASTD,335.952
1990/11/30,GFTRUSASTD,357.668
1990/12/31,GFTRUSASTD,367.631
1991/01/31,GFTRUSASTD,383.642
1991/02/28,GFTRUSASTD,411.078
1991/03/31,GFTRUSASTD,421.032
1991/04/30,GFTRUSASTD,422.029
1991/05/31,GFTRUSASTD,440.235
1991/06/30,GFTRUSASTD,420.067
1991/07/31,GFTRUSASTD,439.646
1991/08/31,GFTRUSASTD,450.062
1991/09/30,GFTRUSASTD,442.53
1991/10/31,GFTRUSASTD,448.48
1991/11/30,GFTRUSASTD,430.409
1991/12/31,GFTRUSASTD,479.633
1992/01/31,GFTRUSASTD,470.695
1992/02/29,GFTRUSASTD,476.791
1992/03/31,GFTRUSASTD,467.518
1992/04/30,GFTRUSASTD,481.245
1992/05/31,GFTRUSASTD,483.604
1992/06/30,GFTRUSASTD,476.409
1992/07/31,GFTRUSASTD,495.872
1992/08/31,GFTRUSASTD,485.723
1992/09/30,GFTRUSASTD,491.431
1992/10/31,GFTRUSASTD,493.129
1992/11/30,GFTRUSASTD,509.92
1992/12/31,GFTRUSASTD,516.178
1993/01/31,GFTRUSASTD,520.494
1993/02/28,GFTRUSASTD,527.587
1993/03/31,GFTRUSASTD,538.719
1993/04/30,GFTRUSASTD,525.698
1993/05/31,GFTRUSASTD,539.761
1993/06/30,GFTRUSASTD,541.341
1993/07/31,GFTRUSASTD,539.164
1993/08/31,GFTRUSASTD,559.621
1993/09/30,GFTRUSASTD,555.33
1993/10/31,GFTRUSASTD,566.817
1993/11/30,GFTRUSASTD,561.414
1993/12/31,GFTRUSASTD,568.202
1994/01/31,GFTRUSASTD,587.519
1994/02/28,GFTRUSASTD,571.573
1994/03/31,GFTRUSASTD,546.654
1994/04/30,GFTRUSASTD,553.664
1994/05/31,GFTRUSASTD,562.75
1994/06/30,GFTRUSASTD,548.956
1994/07/31,GFTRUSASTD,566.982
1994/08/31,GFTRUSASTD,590.228
1994/09/30,GFTRUSASTD,575.795
1994/10/31,GFTRUSASTD,588.731
1994/11/30,GFTRUSASTD,567.286
1994/12/31,GFTRUSASTD,575.705
1995/01/31,GFTRUSASTD,590.635
1995/02/28,GFTRUSASTD,613.653
1995/03/31,GFTRUSASTD,631.76
1995/04/30,GFTRUSASTD,650.363
1995/05/31,GFTRUSASTD,676.357
1995/06/30,GFTRUSASTD,692.067
1995/07/31,GFTRUSASTD,715.018
1995/08/31,GFTRUSASTD,716.815
1995/09/30,GFTRUSASTD,747.066
1995/10/31,GFTRUSASTD,744.396
1995/11/30,GFTRUSASTD,777.074
1995/12/31,GFTRUSASTD,792.042
1996/01/31,GFTRUSASTD,819
1996/02/29,GFTRUSASTD,826.593
1996/03/31,GFTRUSASTD,834.55
1996/04/30,GFTRUSASTD,846.854
1996/05/31,GFTRUSASTD,868.694
1996/06/30,GFTRUSASTD,872.008
1996/07/31,GFTRUSASTD,833.482
1996/08/31,GFTRUSASTD,851.064
1996/09/30,GFTRUSASTD,898.966
1996/10/31,GFTRUSASTD,923.76
1996/11/30,GFTRUSASTD,993.584
1996/12/31,GFTRUSASTD,973.897
1997/01/31,GFTRUSASTD,1034.741
1997/02/28,GFTRUSASTD,1042.851
1997/03/31,GFTRUSASTD,1000.02
1997/04/30,GFTRUSASTD,1059.701
1997/05/31,GFTRUSASTD,1124.219
1997/06/30,GFTRUSASTD,1174.586
1997/07/31,GFTRUSASTD,1268.045
1997/08/31,GFTRUSASTD,1197.007
1997/09/30,GFTRUSASTD,1262.563
1997/10/31,GFTRUSASTD,1220.397
1997/11/30,GFTRUSASTD,1276.892
1997/12/31,GFTRUSASTD,1298.821
1998/01/31,GFTRUSASTD,1313.187
1998/02/28,GFTRUSASTD,1407.9
1998/03/31,GFTRUSASTD,1479.997
1998/04/30,GFTRUSASTD,1494.887
1998/05/31,GFTRUSASTD,1469.193
1998/06/30,GFTRUSASTD,1528.87
1998/07/31,GFTRUSASTD,1512.59
1998/08/31,GFTRUSASTD,1293.904
1998/09/30,GFTRUSASTD,1376.792
1998/10/31,GFTRUSASTD,1488.783
1998/11/30,GFTRUSASTD,1579.015
1998/12/31,GFTRUSASTD,1670.006
1999/01/31,GFTRUSASTD,1739.839
1999/02/28,GFTRUSASTD,1685.767
1999/03/31,GFTRUSASTD,1753.212
1999/04/30,GFTRUSASTD,1821.106
1999/05/31,GFTRUSASTD,1778.1
1999/06/30,GFTRUSASTD,1876.783
1999/07/31,GFTRUSASTD,1818.181
1999/08/31,GFTRUSASTD,1809.186
1999/09/30,GFTRUSASTD,1759.589
1999/10/31,GFTRUSASTD,1870.937
1999/11/30,GFTRUSASTD,1908.97
1999/12/31,GFTRUSASTD,2021.401
2000/01/31,GFTRUSASTD,1919.841
2000/02/29,GFTRUSASTD,1883.499
2000/03/31,GFTRUSASTD,2067.75
2000/04/30,GFTRUSASTD,2005.549
2000/05/31,GFTRUSASTD,1964.401
2000/06/30,GFTRUSASTD,2012.83
2000/07/31,GFTRUSASTD,1981.361
2000/08/31,GFTRUSASTD,2104.432
2000/09/30,GFTRUSASTD,1993.332
2000/10/31,GFTRUSASTD,1984.905
2000/11/30,GFTRUSASTD,1828.416
2000/12/31,GFTRUSASTD,1837.365
2001/01/31,GFTRUSASTD,1902.553
2001/02/28,GFTRUSASTD,1729.075
2001/03/31,GFTRUSASTD,1619.537
2001/04/30,GFTRUSASTD,1745.392
2001/05/31,GFTRUSASTD,1757.086
2001/06/30,GFTRUSASTD,1714.321
2001/07/31,GFTRUSASTD,1697.445
2001/08/31,GFTRUSASTD,1591.182
2001/09/30,GFTRUSASTD,1462.69
2001/10/31,GFTRUSASTD,1490.582
2001/11/30,GFTRUSASTD,1604.919
2001/12/31,GFTRUSASTD,1618.979
2002/01/31,GFTRUSASTD,1595.353
2002/02/28,GFTRUSASTD,1564.586
2002/03/31,GFTRUSASTD,1623.429
2002/04/30,GFTRUSASTD,1525.004
2002/05/31,GFTRUSASTD,1513.769
2002/06/30,GFTRUSASTD,1405.929
2002/07/31,GFTRUSASTD,1296.344
2002/08/31,GFTRUSASTD,1304.855
2002/09/30,GFTRUSASTD,1163.044
2002/10/31,GFTRUSASTD,1265.411
2002/11/30,GFTRUSASTD,1339.892
2002/12/31,GFTRUSASTD,1261.176
2003/01/31,GFTRUSASTD,1228.138
2003/02/28,GFTRUSASTD,1209.711
2003/03/31,GFTRUSASTD,1221.456
2003/04/30,GFTRUSASTD,1322.068
2003/05/31,GFTRUSASTD,1391.724
2003/06/30,GFTRUSASTD,1409.478
2003/07/31,GFTRUSASTD,1434.329
2003/08/31,GFTRUSASTD,1462.302
2003/09/30,GFTRUSASTD,1446.773
2003/10/31,GFTRUSASTD,1528.617
2003/11/30,GFTRUSASTD,1542.066
2003/12/31,GFTRUSASTD,1622.939
2004/01/31,GFTRUSASTD,1652.728
2004/02/29,GFTRUSASTD,1675.7
2004/03/31,GFTRUSASTD,1650.42
2004/04/30,GFTRUSASTD,1624.511
2004/05/31,GFTRUSASTD,1646.804
2004/06/30,GFTRUSASTD,1678.826
2004/07/31,GFTRUSASTD,1623.262
2004/08/31,GFTRUSASTD,1629.828
2004/09/30,GFTRUSASTD,1647.48
2004/10/31,GFTRUSASTD,1672.649
2004/11/30,GFTRUSASTD,1740.327
2004/12/31,GFTRUSASTD,1799.548
2005/01/31,GFTRUSASTD,1755.684
2005/02/28,GFTRUSASTD,1792.631
2005/03/31,GFTRUSASTD,1760.887
2005/04/30,GFTRUSASTD,1727.491
2005/05/31,GFTRUSASTD,1782.457
2005/06/30,GFTRUSASTD,1784.987
2005/07/31,GFTRUSASTD,1851.368
2005/08/31,GFTRUSASTD,1834.476
2005/09/30,GFTRUSASTD,1849.334
2005/10/31,GFTRUSASTD,1818.504
2005/11/30,GFTRUSASTD,1887.284
2005/12/31,GFTRUSASTD,1887.931
2006/01/31,GFTRUSASTD,1937.93
2006/02/28,GFTRUSASTD,1943.19
2006/03/31,GFTRUSASTD,1967.38
2006/04/30,GFTRUSASTD,1993.79
2006/05/31,GFTRUSASTD,1936.41
2006/06/30,GFTRUSASTD,1939.03
2006/07/31,GFTRUSASTD,1950.99
2006/08/31,GFTRUSASTD,1997.42
2006/09/30,GFTRUSASTD,2048.89
2006/10/31,GFTRUSASTD,2115.65
2006/11/30,GFTRUSASTD,2155.89
2006/12/31,GFTRUSASTD,2186.13
2007/01/31,GFTRUSASTD,2219.19
2007/02/28,GFTRUSASTD,2175.78
2007/03/31,GFTRUSASTD,2200.12
2007/04/30,GFTRUSASTD,2297.57
2007/05/31,GFTRUSASTD,2377.75
2007/06/30,GFTRUSASTD,2338.25
2007/07/31,GFTRUSASTD,2265.75
2007/08/31,GFTRUSASTD,2299.71
2007/09/30,GFTRUSASTD,2385.72
2007/10/31,GFTRUSASTD,2423.67
2007/11/30,GFTRUSASTD,2322.34
2007/12/31,GFTRUSASTD,2306.23
2008/01/31,GFTRUSASTD,2167.9
2008/02/29,GFTRUSASTD,2097.48
2008/03/31,GFTRUSASTD,2088.42
2008/04/30,GFTRUSASTD,2190.13
2008/05/31,GFTRUSASTD,2218.5
2008/06/30,GFTRUSASTD,2031.47
2008/07/31,GFTRUSASTD,2014.39
2008/08/31,GFTRUSASTD,2043.53
2008/09/30,GFTRUSASTD,1861.44
2008/10/31,GFTRUSASTD,1548.81
2008/11/30,GFTRUSASTD,1437.68
2008/12/31,GFTRUSASTD,1452.98
2009/01/31,GFTRUSASTD,1330.51
2009/02/28,GFTRUSASTD,1188.84
2009/03/31,GFTRUSASTD,1292.98
2009/04/30,GFTRUSASTD,1416.73
2009/05/31,GFTRUSASTD,1495.97
2009/06/30,GFTRUSASTD,1498.94
2009/07/31,GFTRUSASTD,1612.31
2009/08/31,GFTRUSASTD,1670.52
2009/09/30,GFTRUSASTD,1732.86
2009/10/31,GFTRUSASTD,1700.67
2009/11/30,GFTRUSASTD,1802.68
2009/12/31,GFTRUSASTD,1837.49
2010/01/31,GFTRUSASTD,1771.4
2010/02/28,GFTRUSASTD,1826.27
2010/03/31,GFTRUSASTD,1936.48
2010/04/30,GFTRUSASTD,1967.05
2010/05/31,GFTRUSASTD,1809.98
2010/06/30,GFTRUSASTD,1715.23
2010/07/31,GFTRUSASTD,1835.4
2010/08/31,GFTRUSASTD,1752.55
2010/09/30,GFTRUSASTD,1908.95
2010/10/31,GFTRUSASTD,1981.59
2010/11/30,GFTRUSASTD,1981.84
2010/12/31,GFTRUSASTD,2114.29
2011/01/31,GFTRUSASTD,2164.3999
2011/02/28,GFTRUSASTD,2238.55
2011/03/31,GFTRUSASTD,2239.4399
2011/04/30,GFTRUSASTD,2305.76
2011/05/31,GFTRUSASTD,2279.6599
2011/06/30,GFTRUSASTD,2241.6599
2011/07/31,GFTRUSASTD,2196.0801
2011/08/31,GFTRUSASTD,2076.78
2011/09/30,GFTRUSASTD,1930.79
2011/10/31,GFTRUSASTD,2141.8101
2011/11/30,GFTRUSASTD,2137.0801
2011/12/31,GFTRUSASTD,2158.9399
2012/01/31,GFTRUSASTD,2255.6899
2012/02/29,GFTRUSASTD,2353.23
2012/03/31,GFTRUSASTD,2430.6699
2012/04/30,GFTRUSASTD,2415.4199
2012/05/31,GFTRUSASTD,2270.2495
2012/06/30,GFTRUSASTD,2363.7888
2012/07/31,GFTRUSASTD,2396.6194
2012/08/31,GFTRUSASTD,2450.5981
2012/09/30,GFTRUSASTD,2513.9258
2012/10/31,GFTRUSASTD,2467.5078
2012/11/30,GFTRUSASTD,2481.82
2012/12/31,GFTRUSASTD,2504.44
2013/01/31,GFTRUSASTD,2634.16
2013/02/28,GFTRUSASTD,2669.92
2013/03/31,GFTRUSASTD,2770.05
2013/04/30,GFTRUSASTD,2823.42
2013/05/31,GFTRUSASTD,2889.46
2013/06/30,GFTRUSASTD,2850.66
2013/07/31,GFTRUSASTD,2995.72
2013/08/31,GFTRUSASTD,2908.96
2013/09/30,GFTRUSASTD,3000.18
2013/10/31,GFTRUSASTD,3138.09
2013/11/30,GFTRUSASTD,3233.72
2013/12/31,GFTRUSASTD,3315.59
2014/01/31,GFTRUSASTD,3200.95
2014/02/28,GFTRUSASTD,3347.38
2014/03/31,GFTRUSASTD,3375.51
2014/04/30,GFTRUSASTD,3400.46
2014/05/31,GFTRUSASTD,3480.29
2014/06/30,GFTRUSASTD,3552.18
2014/07/31,GFTRUSASTD,3503.19
2014/08/31,GFTRUSASTD,3643.33
2014/09/30,GFTRUSASTD,3592.25
2014/10/31,GFTRUSASTD,3679.99
2014/11/30,GFTRUSASTD,3778.96
2014/12/31,GFTRUSASTD,3769.44
2015/01/31,GFTRUSASTD,3656.28
2015/02/28,GFTRUSASTD,3866.42
2015/03/31,GFTRUSASTD,3805.27
2015/04/30,GFTRUSASTD,3841.78
2015/05/31,GFTRUSASTD,3891.18
2015/06/30,GFTRUSASTD,3815.85
2015/07/31,GFTRUSASTD,3895.8
2015/08/31,GFTRUSASTD,3660.75
2015/09/30,GFTRUSASTD,3570.17
2015/10/31,GFTRUSASTD,3871.33
2015/11/30,GFTRUSASTD,3882.84
2015/12/31,GFTRUSASTD,3821.6
2016/01/31,GFTRUSASTD,3631.96
2016/02/29,GFTRUSASTD,3627.06
2016/03/31,GFTRUSASTD,3873.11
2016/04/30,GFTRUSASTD,3888.13
2016/05/31,GFTRUSASTD,3957.95
2016/06/30,GFTRUSASTD,3968.21
2016/07/31,GFTRUSASTD,4114.51
2016/08/31,GFTRUSASTD,4120.29
2016/09/30,GFTRUSASTD,4121.06
2016/10/31,GFTRUSASTD,4045.89
2016/11/30,GFTRUSASTD,4195.73
2016/12/31,GFTRUSASTD,4278.66
2017/01/31,GFTRUSASTD,4359.81
2017/02/28,GFTRUSASTD,4532.93
2017/03/31,GFTRUSASTD,4538.21
2017/04/30,GFTRUSASTD,4584.82
2017/05/31,GFTRUSASTD,4649.34
2017/06/30,GFTRUSASTD,4678.36
2017/07/31,GFTRUSASTD,4774.56
2017/08/31,GFTRUSASTD,4789.18
2017/09/30,GFTRUSASTD,4887.97
2017/10/31,GFTRUSASTD,5002.03
2017/11/30,GFTRUSASTD,5155.44
2017/12/31,GFTRUSASTD,5212.76
2018/01/31,GFTRUSASTD,5511.21
2018/02/28,GFTRUSASTD,5308.09
2018/03/31,GFTRUSASTD,5173.19
2018/04/30,GFTRUSASTD,5193.04
2018/05/31,GFTRUSASTD,5318.1
2018/06/30,GFTRUSASTD,5350.83
2018/07/31,GFTRUSASTD,5549.96
2018/08/31,GFTRUSASTD,5730.8
2018/09/30,GFTRUSASTD,5784.45
2018/10/31,GFTRUSASTD,5369.49
2018/11/30,GFTRUSASTD,5478.91
2018/12/31,GFTRUSASTD,4984.22
2019/01/31,GFTRUSASTD,5383.63
2019/02/28,GFTRUSASTD,5556.49
2019/03/31,GFTRUSASTD,5730.04
2019/04/30,GFTRUSASTD,5893.81
2019/05/31,GFTRUSASTD,5519.27
2019/06/30,GFTRUSASTD,5953.63
2019/07/31,GFTRUSASTD,5993.17
2019/08/31,GFTRUSASTD,5857.95
2019/09/30,GFTRUSASTD,6008.59
2019/10/31,GFTRUSASTD,6138.73
2019/11/30,GFTRUSASTD,6306.88
2019/12/31,GFTRUSASTD,6553.57
2020/01/31,GFTRUSASTD,6551
2020/02/29,GFTRUSASTD,6011.73
2020/03/31,GFTRUSASTD,5269.2
2020/04/30,GFTRUSASTD,5944.68
2020/05/31,GFTRUSASTD,6227.81
2020/06/30,GFTRUSASTD,6351.67
2020/07/31,GFTRUSASTD,6709.81
2020/08/31,GFTRUSASTD,7192.11
2020/09/30,GFTRUSASTD,6918.83
2020/10/31,GFTRUSASTD,6734.84
2020/11/30,GFTRUSASTD,7472.06
2020/12/31,GFTRUSASTD,7759.35
2021/01/31,GFTRUSASTD,7681.01
2021/02/28,GFTRUSASTD,7892.81
2021/03/31,GFTRUSASTD,8238.48
2021/04/30,GFTRUSASTD,8678.16
2021/05/31,GFTRUSASTD,8738.77
2021/06/30,GFTRUSASTD,8942.78
2021/07/31,GFTRUSASTD,9155.21
2021/08/31,GFTRUSASTD,9433.58
2021/09/30,GFTRUSASTD,9273.99